{"cameraMode":{"drawMode":0,"name":"Shaded","section":"Shading Mode"},"sceneLighting":false,"audioPlay":false,"sceneViewState":{"m_AlwaysRefresh":false,"showFog":true,"showSkybox":false,"showFlares":true,"showImageEffects":true,"showParticleSystems":true,"showVisualEffectGraphs":true,"m_FxEnabled":true},"in2DMode":false,"pivot":{"x":-0.5667333006858826,"y":1.6865707635879517,"z":1.2354520559310914},"rotation":{"x":-0.2764582633972168,"y":-0.06711086630821228,"z":0.019355809316039087,"w":-0.9584880471229553},"size":3.9415249824523927,"orthographic":false}