{"cameraMode":{"drawMode":0,"name":"Shaded","section":"Shading Mode"},"sceneLighting":false,"audioPlay":false,"sceneViewState":{"m_AlwaysRefresh":false,"showFog":true,"showSkybox":false,"showFlares":true,"showImageEffects":true,"showParticleSystems":true,"showVisualEffectGraphs":true,"m_FxEnabled":true},"in2DMode":false,"pivot":{"x":-0.25068366527557375,"y":0.5148015022277832,"z":0.0659635066986084},"rotation":{"x":-0.4938863217830658,"y":-0.1618994027376175,"z":0.09416592121124268,"w":-0.8491278290748596},"size":1.5415252447128297,"orthographic":false}