{"cameraMode":{"drawMode":0,"name":"Shaded","section":"Shading Mode"},"sceneLighting":false,"audioPlay":false,"sceneViewState":{"m_AlwaysRefresh":false,"showFog":false,"showSkybox":false,"showFlares":false,"showImageEffects":false,"showParticleSystems":false,"showVisualEffectGraphs":true,"m_FxEnabled":true},"in2DMode":false,"pivot":{"x":360.8497619628906,"y":140.82835388183595,"z":30.524259567260743},"rotation":{"x":-0.022310027852654458,"y":0.12950633466243745,"z":0.0029105728026479484,"w":0.991349995136261},"size":257.2049865722656,"orthographic":false}