{"cameraMode":{"drawMode":0,"name":"Shaded","section":"Shading Mode"},"sceneLighting":false,"audioPlay":false,"sceneViewState":{"m_AlwaysRefresh":false,"showFog":false,"showSkybox":false,"showFlares":false,"showImageEffects":false,"showParticleSystems":false,"showVisualEffectGraphs":true,"m_FxEnabled":true},"in2DMode":false,"pivot":{"x":-12.872386932373047,"y":-7.88461971282959,"z":0.09153596311807633},"rotation":{"x":0.40500351786613467,"y":-0.010150867514312268,"z":0.004490090534090996,"w":0.9142730236053467},"size":12.612822532653809,"orthographic":false}